{"cameraMode":{"drawMode":0,"name":"Shaded","section":"Shading Mode"},"sceneLighting":false,"audioPlay":false,"sceneViewState":{"showFog":true,"showMaterialUpdate":false,"showSkybox":true,"showFlares":true,"showImageEffects":true,"showParticleSystems":true},"in2DMode":false,"pivot":{"x":135.3125,"y":-2.839876651763916,"z":-72.26302337646485},"rotation":{"x":0.012316021136939526,"y":0.8618915677070618,"z":-0.020960889756679536,"w":0.5065096020698547},"size":165.76983642578126,"orthographic":false}