{"cameraMode":{"drawMode":0,"name":"Shaded","section":"Shading Mode"},"sceneLighting":false,"audioPlay":false,"sceneViewState":{"showFog":true,"showMaterialUpdate":false,"showSkybox":true,"showFlares":true,"showImageEffects":true,"showParticleSystems":true},"in2DMode":false,"pivot":{"x":-2.1980504989624025,"y":0.22348833084106446,"z":0.3822135031223297},"rotation":{"x":-0.11884238570928574,"y":0.6948097944259644,"z":-0.11806032061576843,"w":-0.6994124054908752},"size":13.050881385803223,"orthographic":false}