{"cameraMode":{"drawMode":0,"name":"Shaded","section":"Shading Mode"},"sceneLighting":false,"audioPlay":false,"sceneViewState":{"showFog":true,"showMaterialUpdate":false,"showSkybox":true,"showFlares":true,"showImageEffects":true,"showParticleSystems":true},"in2DMode":false,"pivot":{"x":137.02377319335938,"y":40.05160903930664,"z":-73.48062133789063},"rotation":{"x":0.012316021136939526,"y":0.8618915677070618,"z":-0.020960889756679536,"w":0.5065096020698547},"size":226.17837524414063,"orthographic":false}