{"cameraMode":{"drawMode":0,"name":"Shaded","section":"Shading Mode"},"sceneLighting":false,"audioPlay":false,"sceneViewState":{"showFog":true,"showMaterialUpdate":false,"showSkybox":true,"showFlares":true,"showImageEffects":true,"showParticleSystems":true},"in2DMode":false,"pivot":{"x":136.94383239746095,"y":-3.9165964126586916,"z":-69.22772216796875},"rotation":{"x":0.012316021136939526,"y":0.8618915677070618,"z":-0.020960889756679536,"w":0.5065096020698547},"size":163.76593017578126,"orthographic":false}